universe,i,w4,obj,excess_tol1e-07,status_tol1e-07,excess_tol1e-09,status_tol1e-09
U37,3545,0.0,-0.5354883645606553,0.00012276387165766067,optimal,3.4689372584439937e-06,optimal_inaccurate
U37,3588,0.0,-0.8134349034582649,8.547537403869043e-05,optimal,1.0103639667136122e-06,optimal
U37,3630,0.0,-1.003061841409518,0.0001167520469519807,optimal,2.584065237118971e-07,optimal
U10,1407,0.0,0.2427886392873547,5.53970785643898e-06,optimal,2.3876614213547143e-08,optimal
U10,1407,1.0,0.27655952178291976,2.7806135771690776e-07,optimal,2.7806135771690776e-07,optimal_inaccurate
U10,1407,3.0,0.33618948290750456,1.585717905316919e-07,optimal,1.585717905316919e-07,optimal_inaccurate
U10,1637,0.0,0.32696655234411665,2.4762297477498585e-06,optimal,1.0707470948778663e-07,optimal_inaccurate
U10,1637,1.0,0.3954828849294292,2.0445896931065022e-07,optimal,2.0445896931065022e-07,optimal_inaccurate
U10,1637,3.0,0.5290575548554505,9.88132111690021e-08,optimal,9.88132111690021e-08,optimal_inaccurate
U10,1869,0.0,0.2764443468158445,7.3212723794569e-07,optimal,3.233773349098357e-08,optimal
U10,1869,1.0,0.3689009781820872,1.4996073116613218e-07,optimal,1.4996073116613218e-07,optimal_inaccurate
U10,1869,3.0,0.5440177745519922,4.042514769597716e-07,optimal,4.042514769597716e-07,optimal_inaccurate
U10,2099,0.0,0.2660734223016283,5.1690812501448136e-06,optimal,2.8462679768637145e-08,optimal
U10,2099,1.0,0.35826187765279977,1.8575302512813252e-07,optimal,1.8575302512813252e-07,optimal_inaccurate
U10,2099,3.0,0.527658233083862,1.969066510953965e-07,optimal,1.969066510953965e-07,optimal_inaccurate
U10,2331,0.0,0.45416588852735945,2.301908155033505e-06,optimal,6.27339023284712e-07,optimal_inaccurate
U10,2331,1.0,0.5722459170513093,4.7353100263158865e-07,optimal,9.651304166968799e-08,optimal_inaccurate
U10,2331,3.0,0.7305686069827749,9.054665138785722e-07,optimal,7.644619959279453e-08,optimal_inaccurate
U10,2559,0.0,0.5147756148542987,5.0323959777109906e-06,optimal,1.0364984204258576e-08,optimal
U10,2559,1.0,0.5968148254254237,1.6798795465788885e-07,optimal,1.6798795465788885e-07,optimal_inaccurate
U10,2559,3.0,0.7568978553132462,2.1605663147461485e-07,optimal,2.1605663147461485e-07,optimal_inaccurate
U10,2790,0.0,0.48974189092207177,4.3160769541139565e-06,optimal,4.0039160881244484e-07,optimal_inaccurate
U10,2790,1.0,0.7118486838725966,1.0236854591783029e-06,optimal,5.176126072203857e-08,optimal_inaccurate
U10,2790,3.0,1.053876712535338,4.417029164881318e-07,optimal,4.417029164881318e-07,optimal_inaccurate
U10,3020,0.0,0.4443568916559885,1.6367341297840454e-06,optimal,4.9370288912609084e-08,optimal
U10,3020,1.0,0.6583197439596195,1.4521455303784236e-06,optimal_inaccurate,1.4521455303784236e-06,optimal_inaccurate
U10,3020,3.0,1.020978973283785,1.0094033795501829e-07,optimal,1.0094033795501829e-07,optimal_inaccurate
U10,3252,0.0,0.3655460731370319,1.4486854369999413e-06,optimal,2.1457570587024577e-07,optimal_inaccurate
U10,3252,1.0,0.5789650909641949,1.1625674010140585e-06,optimal,1.1625674010140585e-06,optimal_inaccurate
U10,3252,3.0,0.9580188872797897,1.254415131546338e-06,optimal,8.007827823064417e-08,optimal_inaccurate
U10,3483,0.0,0.1522185896653842,1.7989114287075836e-06,optimal,4.29046398964239e-08,optimal
U10,3483,1.0,0.47377053052993895,5.848492318216714e-08,optimal,5.848492318216714e-08,optimal_inaccurate
U10,3483,3.0,0.6508027414739489,1.061990532180701e-07,optimal,1.061990532180701e-07,optimal_inaccurate
U10,3712,0.0,0.34349274300162,8.521880843215257e-06,optimal,3.553112898346811e-08,optimal
U10,3712,1.0,0.42200375919857613,3.092874875654239e-07,optimal,3.092874875654239e-07,optimal_inaccurate
U10,3712,3.0,0.5775397343439037,5.432694616391842e-08,optimal,5.432694616391842e-08,optimal_inaccurate
U10,3943,0.0,0.28656279864986745,1.5478564482362955e-06,optimal,5.08857761483128e-08,optimal
U10,3943,1.0,0.3704505141164659,9.148976909401085e-08,optimal,9.148976909401085e-08,optimal_inaccurate
U10,3943,3.0,0.5351812586117193,1.0155764373909193e-07,optimal,1.0155764373909193e-07,optimal_inaccurate
