n,status,structure,build_s,iterations,lower_bound,max_block,max_moment_block,moment_block_entries,n_psd_blocks,peak_rss_mb,psd_entries,solve_s,unique_moments,wall_s
2,optimal,dense,0.00791387099889107,6,0.8078327964436597,6,6,36,7,115.38671875,90,0.02515862500149524,15,0.03357117399718845
4,optimal,dense,0.006318605002888944,7,-5.4069325188581265,15,15,225,11,116.8828125,475,0.06365311400440987,70,0.07123828900512308
4,optimal,sparse,0.012300321999646258,9,-5.406932017056176,6,6,108,21,116.87890625,270,0.05616700799873797,75,0.07149974499770906
6,optimal,dense,0.011955055997532327,7,-6.818238931228009,28,28,784,15,129.14453125,1470,0.19765641700359993,210,0.211430315997859
6,optimal,sparse,0.014241119999496732,8,-6.818238116084621,10,10,236,25,117.66015625,546,0.07556138600193663,145,0.09181863800040446
8,optimal,dense,0.017100858000048902,8,-6.242960157665598,45,45,2025,19,186.48828125,3483,1.5893267140054377,495,1.6155278000005637
8,optimal,sparse,0.01954388900048798,10,-6.242960055817586,15,15,486,29,119.55859375,1040,0.112969620997319,257,0.13471538799785776
10,optimal,dense,0.015145746001508087,8,-6.799848292449901,66,66,4356,23,392.64453125,7018,6.064482213005249,1001,6.117631633998826
10,optimal,sparse,0.07681586800026707,8,-6.799848168969137,21,21,918,33,127.2109375,1836,0.41467216700402787,425,0.496784833005222
12,optimal_inaccurate,dense,0.02030104499863228,13,-6.623256451627568,91,91,8281,27,1062.5625,12675,40.48096235199773,1820,40.6173473470044
12,optimal,sparse,0.03312762999848928,8,-6.6232581738268514,15,15,775,42,121.734375,1653,0.21872349699697224,398,0.25615932600339875
15,optimal_inaccurate,dense,0.02877807800541632,11,-6.6402491065568325,136,136,18496,33,4672.4453125,26688,192.31361504899542,3876,192.80808642599732
15,optimal,sparse,0.10906703399814432,9,-6.640248079212217,21,21,1423,48,132.171875,2847,0.588006955003948,650,0.7050391570010106
