universe,strategy,ann_vol,cvar5,max_drawdown,skew,turnover,eff_N,net_ret_5bp,net_ret_10bp,sharpe_5bp,time_per_rebal_s,certified,median_gap,fallback
U10,EW,0.16376350303484155,0.024265365778681564,0.3632032727143413,-0.287609495661653,0.03641238257023679,9.999999999999998,0.15451242352948372,0.15429505543302643,0.9435139124028681,2.6007583301179693e-05,,,
U10,MinVar_LW,0.14652167855431936,0.021050438725517186,0.3584827453712622,-0.4080861382885461,0.0535279628927272,5.514435206191823,0.10962557899093893,0.10930603737954388,0.7481749201127174,0.08559692048484893,,,
U10,ERC_LW,0.15656664563073092,0.023083499737934613,0.3582300001540176,-0.32822830609596987,0.03563715153953531,9.557334314191106,0.1425743130940157,0.1423615728324202,0.9106354109591337,0.06443018253028668,,,
U10,HRP,0.15315683891187362,0.02244224573111896,0.35109416237504454,-0.39627278712165254,0.10852580997362467,8.122734014939924,0.1315702664393504,0.13092240856614076,0.8590790552827362,0.009154797166660721,,,
U10,MinCVaR95,0.14790572651143855,0.021266219707072962,0.3495729942465954,-0.34101650835976643,0.10361292454501746,5.050946072739543,0.10944582139663478,0.10882729158378127,0.7399714485287511,0.22645382734086442,,,
U10,Poly_full_local_w4=0,0.15705846772854376,0.023016300875753154,0.3394227533958709,-0.4022938359829119,0.18823067002776117,4.502916511925024,0.121305806693661,0.12018214107359654,0.7723466256719543,0.4144973359241731,,,
U10,Poly_full_SOS_w4=0,0.1570584677358633,0.023016300864288384,0.3394227563739389,-0.4022938383287949,0.18823066817337702,4.502916486839288,0.12130580869332548,0.12018214308433098,0.7723466383684096,24.873746277697062,1.0,-1.962762168378207e-06,0.0
U10,Poly_full_local_w4=1,0.1537428768583653,0.02228285946538202,0.33936095433781466,-0.37631662379030023,0.13594971963899594,4.597131861974859,0.12400535025885202,0.12319378205908302,0.8066386418298886,0.3275953160530896,,,
U10,Poly_full_SOS_w4=1,0.15374287706663628,0.022282859538909402,0.33936095982488296,-0.37631667963323767,0.13594972531700825,4.5971318531205725,0.12400535141999978,0.12319378318633521,0.806638648241385,24.864202721553028,1.0,-3.22646136502458e-07,0.0
U10,Poly_full_local_w4=3,0.15061520679205653,0.021622571317279193,0.34596541734761005,-0.3770962582562825,0.11486690600154552,4.7888487441842145,0.11048282109141554,0.10979710928293036,0.7335585884502691,0.376669103636404,,,
U10,Poly_full_SOS_w4=3,0.15061520651387486,0.021622571404962158,0.34596542518939005,-0.3770963182279441,0.11486691520810564,4.788848709074683,0.11048281769650033,0.10979710583305548,0.7335585672486294,25.856371050083357,1.0,-3.1532931971112177e-07,0.0
U37,EW,0.1667095012525731,0.024656208448708285,0.3983254109538319,-0.29589110277653957,0.04244591489835302,37.0,0.1284957952253687,0.12824240923212737,0.7707787914761974,2.139293179204811e-05,,,
U37,MinVar_LW,0.14395438930962784,0.02059712252288719,0.397452282739447,-0.44873496289576154,0.1196702349954227,9.269074122460868,0.08287381142825673,0.0821594255697271,0.5756651775162016,0.05368875314384654,,,
U37,ERC_LW,0.15712850313315507,0.023191460176607535,0.3789757966760051,-0.3028101140693249,0.042654789243914124,34.4406142142633,0.11942997565220964,0.1191753427584447,0.7600777535977356,0.06639540009095155,,,
U37,HRP,0.15047736379280394,0.022083170290191946,0.3534107315266492,-0.2949118111009154,0.15486306558014354,28.98380138323081,0.11083460958709664,0.10991013589434226,0.7365587779320035,0.02100223689392282,,,
U37,MinCVaR95,0.14559815420930894,0.02051380833166485,0.40480707976207186,-0.5199662078194929,0.2279971262671777,7.164775214742057,0.08187094656355398,0.08050989030092613,0.5622957663094488,0.6071683568862323,,,
U37,Poly_sector_local_w4=0,0.14862401712837983,0.021723001011601316,0.3571680291623462,-0.3226807292312587,0.10136341013102594,18.182059477303618,0.10785838980686387,0.10725328874081587,0.7257491458683162,24.1013005627953,,,
U37,Poly_sector_SOS_w4=0,0.15264968043060914,0.02230386004690377,0.3571680575836575,-0.2904590143116752,0.12153722605604503,16.83281176455621,0.09832637172517941,0.09760084063900176,0.6441468374706089,36.948397852000056,1.0,-2.695386249439158e-07,0.0
U37,Poly_full_local_w4=0,0.15654610267468785,0.02251027576559299,0.28777356830061307,-0.18273813714502418,0.38461242842581794,5.434732339795357,0.14103130381773388,0.1387353136753843,0.9010709408863918,12.729402717984764,,,
U37,Poly_sector_local_w4=1,0.14679046370336657,0.021426072979050276,0.3574587489820028,-0.33670537856149607,0.07352800097798112,18.5831357037577,0.10127961616695835,0.10084068192314552,0.6899598979017202,26.979644353447075,,,
U37,Poly_sector_SOS_w4=1,0.14871909243087444,0.02173319669049922,0.35745872585975214,-0.3292002509915226,0.10524209988496838,17.8707131885785,0.1023118873173031,0.10168363194634421,0.6879751600229573,55.146028165810726,1.0,-2.0306123861557612e-07,0.0
U37,Poly_full_local_w4=1,0.14884519584220332,0.021250125772649002,0.31684604371697256,-0.21250636056251068,0.26893197525653034,5.858624868172668,0.10848517921380091,0.10687975744758599,0.7288875819948814,13.390874048469612,,,
U37,Poly_sector_local_w4=3,0.14633375118594974,0.021390958195714196,0.3579928062373158,-0.34934171829550725,0.07341313410938176,19.05912659111299,0.09933941214633216,0.0989011636141045,0.6788499583808124,26.348240869795504,,,
U37,Poly_sector_SOS_w4=3,0.14687294537694204,0.021436990441516472,0.35799274791460656,-0.3371499029670723,0.07261738365342606,18.681486816446846,0.10124094106093418,0.10080744285674484,0.6893085200071567,41.906213898348646,1.0,-1.899037362779188e-07,0.0
U37,Poly_full_local_w4=3,0.1450878648520867,0.020806353632176342,0.3363720199074254,-0.30944866236192,0.2180021727766429,6.713245794730933,0.0933587324763395,0.09205734229049818,0.6434623295851333,11.027261793651439,,,
