exp,id,variant,lb,lb_ref,status,certified_ref,flat_ref,scale,certified,flat,changed_flags,weight_l1,d_lb_rel
A,stress|30|4|12,clarabel_1e-10,-4.652698823975469,-4.652698823975469,optimal_inaccurate,True,True,4.652698823975469,True,True,0.0,,0.0
A,mixed|30|0|16,clarabel_1e-10,-0.5736574844192184,-0.5736574844192184,optimal_inaccurate,True,True,0.5736574844192184,True,True,0.0,,0.0
A,stress|30|1|17,clarabel_1e-10,-0.7897119567806694,-0.7897119567806694,optimal_inaccurate,True,True,0.7897119567806694,True,True,0.0,,0.0
A,stress|30|1|6,clarabel_1e-10,-0.788475718675159,-0.788475718675159,optimal_inaccurate,True,True,0.788475718675159,True,True,0.0,,0.0
A,stress|30|5|18,clarabel_1e-10,-5.020144074949287,-5.020144074949287,optimal_inaccurate,True,False,5.020144074949287,True,False,0.0,,0.0
A,calibrated|30|0|43,clarabel_1e-10,-0.0028241344117339207,-0.0028241344117339207,optimal_inaccurate,True,True,0.0028241344117339207,True,True,0.0,,0.0
A,stress|30|1|1,clarabel_1e-10,-0.6404939192192844,-0.6404939192192844,optimal_inaccurate,True,True,0.6404939192192844,True,True,0.0,,0.0
A,calibrated|30|0|25,clarabel_1e-10,-0.005158609637047905,-0.005158609637047905,optimal_inaccurate,True,True,0.005158609637047905,True,True,0.0,,0.0
A,mixed|30|0|15,clarabel_1e-10,-0.21844443657379567,-0.21844443657379567,optimal_inaccurate,False,False,0.21844443657379567,False,False,0.0,,0.0
A,stress|15|2|4,clarabel_1e-10,-1.4358957573441609,-1.4358957573441609,optimal_inaccurate,True,True,1.4358957573441609,True,True,0.0,,0.0
A,stress|15|2|4,scs_1e-8,-1.4358957567272654,-1.4358957573441609,optimal,True,True,1.4358957573441609,True,True,0.0,,4.296241008288657e-10
A,calibrated|10|0|31,clarabel_1e-10,0.00912946099946791,0.00912946099946791,optimal_inaccurate,True,True,0.00912946099946791,True,True,0.0,,0.0
A,calibrated|10|0|31,scs_1e-8,0.009129392967342996,0.00912946099946791,optimal,True,True,0.00912946099946791,True,True,0.0,,7.451932257385434e-06
A,stress|50|2|8,clarabel_1e-10,-2.4906312290010684,-2.49063122900209,optimal_inaccurate,True,True,2.49063122900209,True,True,0.0,,4.1027722609678097e-13
A,stress|6|2|17,clarabel_1e-10,-1.8515923223994017,-1.8515923220457582,optimal_inaccurate,True,True,1.8515923220457582,True,True,0.0,,1.9099428889973823e-10
A,stress|6|2|17,scs_1e-8,-1.8515923115968034,-1.8515923220457582,optimal,True,True,1.8515923220457582,True,True,0.0,,5.643226474906959e-09
A,stress|6|2|18,clarabel_1e-10,-2.0000338101041337,-2.00003381016063,optimal_inaccurate,True,True,2.00003381016063,True,True,0.0,,2.82475930215239e-11
A,stress|6|2|18,scs_1e-8,-2.000033807650869,-2.00003381016063,optimal,True,True,2.00003381016063,True,True,0.0,,1.2548592083014108e-09
A,stress|6|0|13,clarabel_1e-10,-0.809019620646551,-0.8090195637946799,optimal_inaccurate,True,True,0.8090195637946799,True,True,0.0,,7.027255414325823e-08
A,stress|6|0|13,scs_1e-8,-0.8090196336234416,-0.8090195637946799,optimal,True,True,0.8090195637946799,True,True,0.0,,8.631282220831779e-08
A,mixed|50|0|44,clarabel_1e-10,-0.7012518656670552,-0.7012518656670548,optimal_inaccurate,True,True,0.7012518656670548,True,True,0.0,,6.332806108510382e-16
A,stress|50|0|6,clarabel_1e-10,-1.0157940233728253,-1.0157940233721523,optimal_inaccurate,True,True,1.0157940233721523,True,True,0.0,,6.625528227598159e-13
A,stress|4|1|16,clarabel_1e-10,-0.17562082495895037,-0.1756253195081075,optimal_inaccurate,False,False,0.1756253195081075,False,False,0.0,,2.559169241495801e-05
A,stress|4|1|16,scs_1e-8,-0.17567458542006592,-0.1756253195081075,optimal_inaccurate,False,False,0.1756253195081075,False,False,0.0,,0.0002805171378272934
A,mixed|4|0|32,clarabel_1e-10,-0.2021429996671822,-0.2021439776527797,optimal,False,False,0.2021439776527797,False,False,0.0,,4.838064476921936e-06
A,mixed|4|0|32,scs_1e-8,-0.20231032443998742,-0.2021439776527797,optimal_inaccurate,False,False,0.2021439776527797,False,False,0.0,,0.0008229124069847841
A,stress|4|4|14,clarabel_1e-10,0.24236687826426057,0.24236687812680902,optimal_inaccurate,True,True,0.24236687812680902,True,True,0.0,,5.671218410869655e-10
A,stress|4|4|14,scs_1e-8,0.24236687869280063,0.24236687812680902,optimal,True,True,0.24236687812680902,True,True,0.0,,2.3352679997431204e-09
A,mixed|4|0|29,clarabel_1e-10,0.08354864018548817,0.08354864076791367,optimal_inaccurate,True,True,0.08354864076791367,True,True,0.0,,6.97109481814382e-09
A,mixed|4|0|29,scs_1e-8,0.08354864031355407,0.08354864076791367,optimal,True,True,0.08354864076791367,True,True,0.0,,5.438264480654576e-09
A,stress|4|4|4,clarabel_1e-10,0.17567457318591723,0.17567462981039877,optimal_inaccurate,True,True,0.17567462981039877,True,True,0.0,,3.2232589081985083e-07
A,stress|4|4|4,scs_1e-8,0.17567457306792683,0.17567462981039877,optimal,True,True,0.17567462981039877,True,True,0.0,,3.2299753245279074e-07
A,stress|2|1|19,clarabel_1e-10,-0.018361901864815396,-0.01836190204968821,optimal_inaccurate,True,True,0.01836190204968821,True,True,0.0,,1.0068282385620739e-08
A,stress|2|1|19,scs_1e-8,-0.018361901883028848,-0.01836190204968821,optimal,True,True,0.01836190204968821,True,True,0.0,,9.076367085616642e-09
A,stress|2|0|16,clarabel_1e-10,-0.8580572599840947,-0.8580572564089377,optimal_inaccurate,True,True,0.8580572564089377,True,True,0.0,,4.1665715446869115e-09
A,stress|2|0|16,scs_1e-8,-0.8580572574275063,-0.8580572564089377,optimal,True,True,0.8580572564089377,True,True,0.0,,1.1870636314994248e-09
A,calibrated|2|0|11,clarabel_1e-10,0.07511637919764359,0.07511637827299553,optimal_inaccurate,True,True,0.07511637827299553,True,True,0.0,,1.2309540045802643e-08
A,calibrated|2|0|11,scs_1e-8,0.07511637801703532,0.07511637827299553,optimal,True,True,0.07511637827299553,True,True,0.0,,3.4075153414504763e-09
A,mixed|4|0|20,clarabel_1e-10,-0.2644544970858256,-0.26445555848712365,optimal_inaccurate,False,False,0.26445555848712365,False,False,0.0,,4.013533707314488e-06
A,mixed|4|0|20,scs_1e-8,-0.26459969493222424,-0.26445555848712365,optimal_inaccurate,False,False,0.26445555848712365,False,False,0.0,,0.0005450308774946867
B,n6-stress-s1|0.5|2|robust_g0.5,clarabel_1e-10,-1.9189216486003644,-1.9189214715675007,optimal_inaccurate,False,,1.9189214715675007,False,,,,9.225644004975442e-08
B,n6-stress-s1|0.5|2|robust_g0.5,scs_1e-8,-1.918921658851996,-1.9189214715675007,optimal,False,,1.9189214715675007,False,,,,9.759883247985901e-08
A,mixed|4|0|40,clarabel_1e-10,-0.309856694308955,-0.3098582246206045,optimal,False,False,0.3098582246206045,False,False,0.0,,4.938747878598603e-06
A,mixed|4|0|40,scs_1e-8,-0.30991823189774004,-0.3098582246206045,optimal_inaccurate,False,False,0.3098582246206045,False,False,0.0,,0.00019366043037580716
B,n10-stress-s1|0.5|9|robust_g0.5,clarabel_1e-10,-1.4729576779575868,-1.4729576779575868,optimal_inaccurate,False,,1.4729576779575868,False,,,,0.0
B,n10-stress-s1|0.5|9|robust_g0.5,scs_1e-8,-1.4729577247396048,-1.4729576779575868,optimal,False,,1.4729576779575868,False,,,,3.176059892099147e-08
B,n10-stress-s1|0.5|5|robust_g0.5,clarabel_1e-10,-1.448347715701976,-1.448347715701976,optimal_inaccurate,False,,1.448347715701976,False,,,,0.0
B,n10-stress-s1|0.5|5|robust_g0.5,scs_1e-8,-1.4483478387005202,-1.448347715701976,optimal,False,,1.448347715701976,False,,,,8.492335293874494e-08
B,n10-stress-s1|0.05|8|robust_g0.5,clarabel_1e-10,-1.412041456725556,-1.412041456725556,optimal_inaccurate,False,,1.412041456725556,False,,,,0.0
B,n10-stress-s1|0.05|8|robust_g0.5,scs_1e-8,-1.4120414973118889,-1.412041456725556,optimal,False,,1.412041456725556,False,,,,2.8743017967212983e-08
B,n10-stress-s1|0.5|3|robust_g1.0,clarabel_1e-10,-1.0139122775117122,-1.0139122775117122,optimal_inaccurate,False,,1.0139122775117122,False,,,,0.0
B,n10-stress-s1|0.5|3|robust_g1.0,scs_1e-8,-1.013912285824124,-1.0139122775117122,optimal,False,,1.0139122775117122,False,,,,8.198354092660983e-09
B,n10-stress-s1|0.1|0|robust_g1.0,clarabel_1e-10,-0.9265337609480845,-0.9265337609480844,optimal_inaccurate,False,,1.0,False,,,,1.1102230246251565e-16
B,n10-stress-s1|0.1|0|robust_g1.0,scs_1e-8,-0.9265338283686992,-0.9265337609480844,optimal,False,,1.0,False,,,,6.742061486875173e-08
B,n6-mixed-s0|0.5|9|robust_g1.0,clarabel_1e-10,0.006528861040414065,0.0065287556371236,optimal_inaccurate,False,,1.0,False,,,,1.0540329046463542e-07
B,n6-mixed-s0|0.5|9|robust_g1.0,scs_1e-8,0.006528827072284596,0.0065287556371236,optimal,False,,1.0,False,,,,7.143516099570452e-08
B,n10-stress-s1|0.5|7|robust_g1.0,clarabel_1e-10,-0.9780412915752736,-0.9780412915752736,optimal_inaccurate,False,,1.0,False,,,,0.0
B,n10-stress-s1|0.5|7|robust_g1.0,scs_1e-8,-0.9780413110444771,-0.9780412915752736,optimal,False,,1.0,False,,,,1.946920347162262e-08
B,n6-stress-s1|0.5|2|robust_g1.0,clarabel_1e-10,-1.414790593586108,-1.4147904288848905,optimal_inaccurate,False,,1.4147904288848905,False,,,,1.1641386186292001e-07
B,n6-stress-s1|0.5|2|robust_g1.0,scs_1e-8,-1.4147905990903755,-1.4147904288848905,optimal,False,,1.4147904288848905,False,,,,1.2030437976144952e-07
B,n6-stress-s1|0.1|5|robust_g1.0,clarabel_1e-10,-1.267514488029772,-1.2675143723958993,optimal_inaccurate,False,,1.2675143723958993,False,,,,9.122884538242392e-08
B,n6-stress-s1|0.1|5|robust_g1.0,scs_1e-8,-1.2675144929494875,-1.2675143723958993,optimal,False,,1.2675143723958993,False,,,,9.511023373666806e-08
B,n6-stress-s1|0.2|2|robust_g1.0,clarabel_1e-10,-1.2210328775715928,-1.2210327325755346,optimal_inaccurate,False,,1.2210327325755346,False,,,,1.1874870705986488e-07
B,n6-stress-s1|0.2|2|robust_g1.0,scs_1e-8,-1.2210328963532069,-1.2210327325755346,optimal,False,,1.2210327325755346,False,,,,1.3413045198833124e-07
B,n6-mixed-s0|0.1|3|robust_g0.5,clarabel_1e-10,-0.03855704197342283,-0.0385570797718597,optimal_inaccurate,False,,1.0,False,,,,3.779843687351514e-08
B,n6-mixed-s0|0.1|3|robust_g0.5,scs_1e-8,-0.03855705683920013,-0.0385570797718597,optimal,False,,1.0,False,,,,2.2932659569929736e-08
B,n10-stress-s1|0.05|1|robust_g1.0,clarabel_1e-10,-0.928517147793114,-0.928517147793114,optimal_inaccurate,False,,1.0,False,,,,0.0
B,n10-stress-s1|0.05|1|robust_g1.0,scs_1e-8,-0.9285172149914777,-0.928517147793114,optimal,False,,1.0,False,,,,6.719836365132181e-08
B,n6-mixed-s0|0.05|8|robust_g0.5,clarabel_1e-10,-0.039809585250532076,-0.0398095979368588,optimal_inaccurate,False,,1.0,False,,,,1.2686326725241948e-08
B,n6-mixed-s0|0.05|8|robust_g0.5,scs_1e-8,-0.03980962088769696,-0.0398095979368588,optimal,False,,1.0,False,,,,2.2950838160507026e-08
B,n10-stress-s1|0.05|2|robust_g0.2,clarabel_1e-10,-1.8752723599586993,-1.875272359956488,optimal_inaccurate,True,,1.875272359956488,True,,,,1.1792112269492932e-12
B,n10-stress-s1|0.05|2|robust_g0.2,scs_1e-8,-1.8752725390390959,-1.875272359956488,optimal,True,,1.875272359956488,True,,,,9.549685244558141e-08
B,n10-stress-s1|0.05|8|robust_g0.2,clarabel_1e-10,-1.823093902802487,-1.823093468250394,optimal_inaccurate,True,,1.823093468250394,True,,,,2.3835974432681384e-07
B,n10-stress-s1|0.05|8|robust_g0.2,scs_1e-8,-1.8230939829072461,-1.823093468250394,optimal,True,,1.823093468250394,True,,,,2.8229866487215415e-07
B,n10-mixed-s0|0.5|9|robust_g1.0,clarabel_1e-10,0.02576230722959813,0.0257623914477876,optimal_inaccurate,True,,1.0,True,,,,8.421818947085269e-08
B,n10-mixed-s0|0.5|9|robust_g1.0,scs_1e-8,0.02576229096019009,0.0257623914477876,optimal,True,,1.0,True,,,,1.0048759751038472e-07
B,n10-mixed-s0|0.2|0|robust_g0.5,clarabel_1e-10,0.024841890072025218,0.0248418900720107,optimal_inaccurate,True,,1.0,True,,,,1.4516166046973922e-14
B,n10-mixed-s0|0.2|0|robust_g0.5,scs_1e-8,0.024841861658485974,0.0248418900720107,optimal,True,,1.0,True,,,,2.8413524727488593e-08
B,n6-stress-s1|0.05|9|robust_g0.2,clarabel_1e-10,-2.206648692952802,-2.2066483760891638,optimal_inaccurate,True,,2.2066483760891638,True,,,,1.4359498408184242e-07
B,n6-stress-s1|0.05|9|robust_g0.2,scs_1e-8,-2.206648729297058,-2.2066483760891638,optimal,True,,2.2066483760891638,True,,,,1.6006532706846334e-07
B,n6-mixed-s0|0.1|5|robust_g0.05,clarabel_1e-10,-0.41110395174071146,-0.4111035899838556,optimal_inaccurate,True,,1.0,True,,,,3.6175685586004036e-07
B,n6-mixed-s0|0.1|5|robust_g0.05,scs_1e-8,-0.4111039569783226,-0.4111035899838556,optimal,True,,1.0,True,,,,3.669944669826286e-07
B,n6-stress-s1|0.05|2|robust_g0.5,clarabel_1e-10,-1.8062761622328205,-1.8062759362021636,optimal_inaccurate,True,,1.8062759362021636,True,,,,1.25136283071593e-07
B,n6-stress-s1|0.05|2|robust_g0.5,scs_1e-8,-1.8062761620454992,-1.8062759362021636,optimal,True,,1.8062759362021636,True,,,,1.2503257728342827e-07
B,n6-mixed-s0|0.05|3|robust_g0.2,clarabel_1e-10,-0.2001391591255644,-0.2001390464544965,optimal_inaccurate,True,,1.0,True,,,,1.12671067892256e-07
B,n6-mixed-s0|0.05|3|robust_g0.2,scs_1e-8,-0.20013916239757187,-0.2001390464544965,optimal,True,,1.0,True,,,,1.1594307536277881e-07
B,n6-mixed-s0|0.1|7|robust_g1.0,clarabel_1e-10,0.008494980199581857,0.0084951104592348,optimal_inaccurate,False,,1.0,False,,,,1.3025965294247155e-07
B,n6-mixed-s0|0.1|7|robust_g1.0,scs_1e-8,0.008494971059188124,0.0084951104592348,optimal,False,,1.0,False,,,,1.394000466760359e-07
B,n10-stress-s1|0.5|8|robust_g0.05,clarabel_1e-10,-2.1146605827521014,-2.1146596269531357,optimal_inaccurate,True,,2.1146596269531357,True,,,,4.519871442047347e-07
B,n10-stress-s1|0.5|8|robust_g0.05,scs_1e-8,-2.114660629885603,-2.1146596269531357,optimal,True,,2.1146596269531357,True,,,,4.742760747472267e-07
B,n10-stress-s1|0.1|2|robust_g0.02,clarabel_1e-10,-2.1987662350332697,-2.1987662350326755,optimal_inaccurate,True,,2.1987662350326755,True,,,,2.702385334612679e-13
B,n10-stress-s1|0.1|2|robust_g0.02,scs_1e-8,-2.1987662967848456,-2.1987662350326755,optimal,True,,2.1987662350326755,True,,,,2.8084918287458713e-08
B,n10-mixed-s0|0.05|1|robust_g0.5,clarabel_1e-10,0.024817278332771663,0.0248172783327791,optimal_inaccurate,True,,1.0,True,,,,7.438494264988549e-15
B,n10-mixed-s0|0.05|1|robust_g0.5,scs_1e-8,0.024817245677147156,0.0248172783327791,optimal,True,,1.0,True,,,,3.265563194507215e-08
B,n6-mixed-s0|0.05|8|robust_g0.1,clarabel_1e-10,-0.4050100883190242,-0.4050099446579657,optimal_inaccurate,True,,1.0,True,,,,1.43661058493727e-07
B,n6-mixed-s0|0.05|8|robust_g0.1,scs_1e-8,-0.4050100916904971,-0.4050099446579657,optimal,True,,1.0,True,,,,1.4703253142789308e-07
B,n10-stress-s1|0.5|2|robust_g0.2,clarabel_1e-10,-1.7651130179433436,-1.7651130179432646,optimal_inaccurate,True,,1.7651130179432646,True,,,,4.4783466299182863e-14
B,n10-stress-s1|0.5|2|robust_g0.2,scs_1e-8,-1.7651133409951536,-1.7651130179432646,optimal,True,,1.7651130179432646,True,,,,1.830205124167081e-07
B,n6-mixed-s0|0.05|2|robust_g0.1,clarabel_1e-10,-0.3784608678244392,-0.378460454291052,optimal_inaccurate,True,,1.0,True,,,,4.135333872001823e-07
B,n6-mixed-s0|0.05|2|robust_g0.1,scs_1e-8,-0.37846087757606295,-0.378460454291052,optimal,True,,1.0,True,,,,4.232850109309183e-07
B,n10-mixed-s0|0.05|9|robust_g0.1,clarabel_1e-10,0.02404549507689387,0.0240454950768969,optimal_inaccurate,True,,1.0,True,,,,3.028827189055505e-15
B,n10-mixed-s0|0.05|9|robust_g0.1,scs_1e-8,0.024045378982358714,0.0240454950768969,optimal,True,,1.0,True,,,,1.1609453818423043e-07
C,U10|3441|w4=3,clarabel_1e-10,0.9553970819298525,0.9553970819298525,optimal_inaccurate,True,False,1.0,True,False,,0.0,0.0
C,U10|3441|w4=3,scs_1e-8,0.9553919066561759,0.9553970819298525,optimal,True,False,1.0,True,True,,4.42197711110574e-09,5.1752736766053076e-06
C,U10|3127|w4=3,clarabel_1e-10,1.0055956305636677,1.0055956305636677,optimal_inaccurate,True,False,1.0055956305636677,True,False,,0.0,0.0
C,U10|3127|w4=3,scs_1e-8,1.005593766997653,1.0055956305636677,optimal,True,False,1.0055956305636677,True,True,,9.147099201423625e-09,1.8531962134644134e-06
C,U10|3460|w4=1,clarabel_1e-10,0.5101245923548877,0.5101245923548877,optimal_inaccurate,True,False,1.0,True,False,,0.0,0.0
C,U10|3460|w4=1,scs_1e-8,0.5101231483449082,0.5101245923548877,optimal,True,False,1.0,True,True,,4.78754114417048e-09,1.4440099794787997e-06
C,U10|3020|w4=1,clarabel_1e-10,0.6583211961051498,0.6583211961051498,optimal_inaccurate,True,False,1.0,True,False,,0.0,0.0
C,U10|3020|w4=1,scs_1e-8,0.6583197412380987,0.6583211961051498,optimal,True,False,1.0,True,True,,4.538422819455557e-08,1.454867051164932e-06
C,U10|1659|w4=3,clarabel_1e-10,0.5423455244665651,0.5423455244665651,optimal_inaccurate,True,True,1.0,True,True,,0.0,0.0
C,U10|1659|w4=3,scs_1e-8,0.5423446029745665,0.5423455244665651,optimal,True,True,1.0,True,True,,3.306198633283185e-08,9.214919985955916e-07
C,U10|1531|w4=3,clarabel_1e-10,0.38491491874917755,0.38491491874917755,optimal_inaccurate,True,True,1.0,True,True,,0.0,0.0
C,U10|1531|w4=3,scs_1e-8,0.3849139664940185,0.38491491874917755,optimal,True,True,1.0,True,True,,2.7796311684307324e-07,9.522551590590567e-07
A,mixed|4|0|39,clarabel_1e-10,-0.3164440799979893,-0.3164451850839637,optimal,False,False,0.3164451850839637,False,False,0.0,,3.4921876725736793e-06
A,mixed|4|0|39,scs_1e-8,-0.3167251546115317,-0.3164451850839637,optimal_inaccurate,False,False,0.3164451850839637,False,False,0.0,,0.0008847330936438498
C,U10|2979|w4=1,clarabel_1e-10,0.6542441896003239,0.6542441896003239,optimal_inaccurate,True,False,1.0,True,False,,0.0,0.0
C,U10|2979|w4=1,scs_1e-8,0.6542415927788026,0.6542441896003239,optimal,True,False,1.0,True,True,,2.5130271130504722e-09,2.5968215213723056e-06
C,U10|3232|w4=1,clarabel_1e-10,0.5761221723902896,0.5761221723902896,optimal_inaccurate,True,False,1.0,True,False,,0.0,0.0
C,U10|3232|w4=1,scs_1e-8,0.5761169273192828,0.5761221723902896,optimal,True,False,1.0,True,True,,6.8542313233660935e-09,5.245071006854118e-06
C,U10|2537|w4=1,clarabel_1e-10,0.610290982068967,0.610290982068967,optimal_inaccurate,True,True,1.0,True,True,,0.0,0.0
C,U10|2537|w4=1,scs_1e-8,0.6102909694367218,0.610290982068967,optimal,True,True,1.0,True,True,,2.5105359191391277e-08,1.2632245249832863e-08
C,U10|1427|w4=3,clarabel_1e-10,0.358842598622357,0.358842598622357,optimal_inaccurate,True,True,1.0,True,True,,0.0,0.0
C,U10|1427|w4=3,scs_1e-8,0.35884256633875955,0.358842598622357,optimal,True,True,1.0,True,True,,2.686600681047875e-07,3.228359746199061e-08
C,U10|2453|w4=1,clarabel_1e-10,0.6060301538778841,0.6060301538778841,optimal_inaccurate,True,True,1.0,True,True,,0.0,0.0
C,U10|2453|w4=1,scs_1e-8,0.6060301126683477,0.6060301538778841,optimal,True,True,1.0,True,True,,5.160335733303608e-08,4.120953633890423e-08
C,U10|1427|w4=1,clarabel_1e-10,0.3029663651589924,0.3029663651589924,optimal_inaccurate,True,True,1.0,True,True,,0.0,0.0
C,U10|1427|w4=1,scs_1e-8,0.30296634111868526,0.3029663651589924,optimal,True,True,1.0,True,True,,1.1368170735673311e-07,2.4040307133876837e-08
C,U10|2308|w4=3,clarabel_1e-10,0.9234050692801314,0.9234050692801314,optimal_inaccurate,True,True,1.0,True,True,,0.0,0.0
C,U10|2308|w4=3,scs_1e-8,0.9234050274629202,0.9234050692801314,optimal,True,True,1.0,True,True,,4.973384058828492e-08,4.181721124929538e-08
C,U10|2495|w4=1,clarabel_1e-10,0.6175436492990058,0.6175436492990058,optimal_inaccurate,True,True,1.0,True,True,,0.0,0.0
C,U10|2495|w4=1,scs_1e-8,0.6175435995079643,0.6175436492990058,optimal,True,True,1.0,True,True,,5.617462936279196e-08,4.979104151203728e-08
C,U10|2833|w4=0,clarabel_1e-10,0.4932388315731687,0.4932508194302115,optimal_inaccurate,True,False,1.0,True,False,,9.014183563739845e-10,1.1987857042761174e-05
C,U10|2833|w4=0,scs_1e-8,0.49323797685561044,0.4932508194302115,optimal,True,False,1.0,True,False,,6.365304412537182e-08,1.284257460104632e-05
C,U10|3294|w4=0,clarabel_1e-10,0.3823756263585996,0.38238702338638136,optimal_inaccurate,True,False,1.0,True,False,,2.9434023104277043e-08,1.139702778174545e-05
C,U10|3294|w4=0,scs_1e-8,0.38237445531420683,0.38238702338638136,optimal,True,False,1.0,True,False,,6.85712533495496e-08,1.2568072174534706e-05
C,U10|4004|w4=0,clarabel_1e-10,0.05451899188196304,0.054531314760318195,optimal_inaccurate,True,False,1.0,True,False,,1.2297435896395735e-07,1.232287835515461e-05
C,U10|4004|w4=0,scs_1e-8,0.05451894504946365,0.054531314760318195,optimal,True,False,1.0,True,False,,8.088319398416864e-10,1.2369710854547022e-05
C,U10|3000|w4=0,clarabel_1e-10,0.44121636068113274,0.4412264820771667,optimal_inaccurate,True,False,1.0,True,False,,1.48540224749092e-08,1.0121396033957453e-05
C,U10|3000|w4=0,scs_1e-8,0.44121598314353405,0.4412264820771667,optimal,True,False,1.0,True,False,,1.3953091690411452e-07,1.0498933632641094e-05
C,U10|2308|w4=0,clarabel_1e-10,0.5675736178266004,0.5675837383118764,optimal_inaccurate,True,False,1.0,True,False,,1.2183903839346546e-08,1.01204852759329e-05
C,U10|2308|w4=0,scs_1e-8,0.5675735430367811,0.5675837383118764,optimal,True,False,1.0,True,False,,1.2286948509115618e-08,1.0195275095270517e-05
C,U10|4088|w4=0,clarabel_1e-10,-0.5436652572455387,-0.5436562546054022,optimal_inaccurate,True,False,1.0,True,False,,1.0849278968587893e-09,9.002640136479556e-06
C,U10|4088|w4=0,scs_1e-8,-0.54366624485024,-0.5436562546054022,optimal,True,False,1.0,True,False,,9.830863761939312e-10,9.99024483772093e-06
C,U10|2056|w4=1,clarabel_1e-10,0.3792274331749004,0.3792274331749004,optimal_inaccurate,True,True,1.0,True,True,,0.0,0.0
C,U10|2056|w4=1,scs_1e-8,0.37922734625286375,0.3792274331749004,optimal,True,True,1.0,True,True,,3.2830194230509103e-10,8.692203662397091e-08
C,U10|3148|w4=0,clarabel_1e-10,0.4118765399256911,0.41187787562218314,optimal_inaccurate,True,False,1.0,True,False,,5.867891672841692e-17,1.3356964920219205e-06
C,U10|3148|w4=0,scs_1e-8,0.4118765084240156,0.41187787562218314,optimal,True,False,1.0,True,False,,1.4782204921634925e-16,1.3671981675678069e-06
C,U10|3000|w4=1,clarabel_1e-10,0.6563132844769674,0.6563132844769674,optimal_inaccurate,True,False,1.0,True,False,,0.0,0.0
C,U10|3000|w4=1,scs_1e-8,0.6563124501143943,0.6563132844769674,optimal,True,False,1.0,True,True,,4.600465739093921e-08,8.343625730322657e-07
C,U10|2373|w4=3,clarabel_1e-10,0.8333280261840816,0.8333281392981635,optimal_inaccurate,True,False,1.0,True,False,,3.210445139192081e-10,1.131140818788623e-07
C,U10|2373|w4=3,scs_1e-8,0.833327236541085,0.8333281392981635,optimal,True,False,1.0,True,True,,5.828001271099943e-10,9.027570785358208e-07
C,U37|3545|w4=0,clarabel_1e-10,-0.5354848956233969,-0.5353656006889976,optimal_inaccurate,True,False,1.0,True,False,,9.03173323631069e-10,0.00011929493439921668
C,U37|3588|w4=0,clarabel_1e-10,-0.8134338930942981,-0.8133494280842262,optimal_inaccurate,True,False,1.0,True,False,,1.8182545953260184e-11,8.446501007197682e-05
C,U37|3630|w4=0,clarabel_1e-10,-1.0030615822117945,-1.002944731886314,optimal_inaccurate,True,False,1.002944731886314,True,False,,1.2209945472257012e-13,0.00011650724288736063
C,U37|3545|w4=1,clarabel_1e-10,0.011875732723892897,0.011889229590251248,optimal_inaccurate,True,False,1.0,True,False,,4.363868435634343e-07,1.3496866358351373e-05
C,U37|3630|w4=1,clarabel_1e-10,-0.22893879298480818,-0.22892637912218886,optimal_inaccurate,True,False,1.0,True,False,,7.446106093019091e-07,1.2413862619325977e-05
A,mixed|15|0|7,clarabel_1e-10,-0.32368547369109674,-0.3236857825797504,optimal_inaccurate,False,False,0.3236857825797504,False,False,0.0,,9.542855147769025e-07
A,mixed|15|0|7,scs_1e-8,-0.3236856750482947,-0.3236857825797504,optimal_inaccurate,False,False,0.3236857825797504,False,False,0.0,,3.322093878427076e-07
A,mixed|15|0|41,clarabel_1e-10,-0.1831325784415452,-0.1831330714034916,optimal_inaccurate,False,False,0.1831330714034916,False,False,0.0,,2.6918237248154923e-06
A,mixed|15|0|41,scs_1e-8,-0.18313269664868703,-0.1831330714034916,optimal_inaccurate,False,False,0.1831330714034916,False,False,0.0,,2.0463524239796964e-06
