ticker,ann_vol,skew,kurtosis
AAPL,0.2805040459107432,-0.14795284065537467,9.025702039988023
MSFT,0.254497611634423,-0.17299280823526125,11.00432603791051
INTC,0.347357560837447,-0.5410645195250061,21.675363642397805
CSCO,0.25772478289921597,-0.813612804197244,19.151485869082148
ORCL,0.29642496610490515,0.961268557602068,31.103205083619592
JNJ,0.16773995682723755,-0.3366522864301977,12.389682533876261
PFE,0.221057585791041,0.13120014349530007,7.181472711222943
MRK,0.21699639347447117,-0.16495531876504846,9.381426066791343
ABT,0.2139295837118766,-0.36020311940831923,10.155620744506633
AMGN,0.244793858722055,0.32643453499985636,9.063174392535826
JPM,0.27907896497230755,-0.11098690551767024,11.843318942755985
BAC,0.3382039027824481,-0.29268757330512646,12.393527691412064
WFC,0.3035023818112671,-0.22817040516550466,10.519107738409287
GS,0.28818029281226537,-0.24364040223502148,10.974655721985071
AXP,0.294822548849992,0.3076036783612627,17.65269240786289
PG,0.17254553815284845,-0.10395395995742411,13.197450682849244
KO,0.17049275285364854,-0.6858267970251997,11.954009927743131
PEP,0.17653789749381588,-0.35079509472888637,20.497776575733262
WMT,0.1941059793829109,-0.12288810215089316,18.07445469150001
HD,0.23322557506351654,-0.956445822425769,20.613575648530652
MCD,0.18488438180853892,-0.17813530926837343,31.073768855046314
NKE,0.28846413345219674,-0.3765122278567419,18.38171691519107
LOW,0.27653855948039197,-1.2770641485295138,25.56571582885314
XOM,0.24701992515227716,-0.2013324253694908,10.072542162466515
CVX,0.26554959269354084,-0.9202531047532159,28.93110904596885
COP,0.3354086791862588,-0.5480261213061806,19.47275190528042
SLB,0.3648289187235953,-0.6707203205754796,17.33995925484934
CAT,0.2965930322154823,-0.17551155591804704,7.083328086207315
HON,0.23074679031347653,-0.20318809249106665,11.58664012212008
UPS,0.2397978803004803,-0.3910881637610484,16.11817030580356
MMM,0.23546725741546842,0.1359897385145596,19.989725329314762
BA,0.3584261718132829,-0.44923912251523057,21.25722465440598
DUK,0.18442128158391766,-0.28082110722954784,16.604069356716735
SO,0.18964477342725794,0.1564814180714112,26.48732523986719
D,0.20823125946077528,-0.46211888522610844,19.455829491134942
T,0.2059557247834745,-0.4917737354236996,11.49453465578385
VZ,0.1856115153032818,-0.11919292762529313,8.02332695626635
